Year,Grid,Target,Feature,Mean,Slope,Intercept,Formula
2023,480m,nor_2023,BCR,37.226493908235454,0.23312996384776072,33.63097539407054,predy = 0.2331 * BCR + 33.6310
2023,480m,nor_2023,BCR,37.226493908235454,0.23312996384776072,33.63097539407054,predy = 0.2331 * BCR + 33.6310
2023,480m,nor_2023,BHV,37.226493908235454,0.10692463932568393,36.31908453158579,predy = 0.1069 * BHV + 36.3191
2023,480m,nor_2023,BCR,37.226493908235454,0.23312996384776072,33.63097539407054,predy = 0.2331 * BCR + 33.6310
2023,480m,nor_2023,BHV,37.226493908235454,0.10692463932568393,36.31908453158579,predy = 0.1069 * BHV + 36.3191
2023,480m,nor_2023,SVF,37.226493908235454,-23.972559873413847,57.94515227317107,predy = -23.9726 * SVF + 57.9452
2023,480m,nor_2023,BCR,37.226493908235454,0.23312996384776072,33.63097539407054,predy = 0.2331 * BCR + 33.6310
2023,480m,nor_2023,BHV,37.226493908235454,0.10692463932568393,36.31908453158579,predy = 0.1069 * BHV + 36.3191
2023,480m,nor_2023,SVF,37.226493908235454,-23.972559873413847,57.94515227317107,predy = -23.9726 * SVF + 57.9452
2023,480m,nor_2023,NDVI,37.226493908235454,-19.13962857955747,40.97887863013547,predy = -19.1396 * NDVI + 40.9789
2023,480m,nor_2023,BCR,37.226493908235454,0.23312996384776072,33.63097539407054,predy = 0.2331 * BCR + 33.6310
2023,480m,nor_2023,BHV,37.226493908235454,0.10692463932568393,36.31908453158579,predy = 0.1069 * BHV + 36.3191
2023,480m,nor_2023,SVF,37.226493908235454,-23.972559873413847,57.94515227317107,predy = -23.9726 * SVF + 57.9452
2023,480m,nor_2023,NDVI,37.226493908235454,-19.13962857955747,40.97887863013547,predy = -19.1396 * NDVI + 40.9789
2023,480m,nor_2023,EV,37.226493908235454,-0.040510360372587456,39.10925115707621,predy = -0.0405 * EV + 39.1093
2023,480m,nor_2023,BCR,37.226493908235454,0.23312996384776072,33.63097539407054,predy = 0.2331 * BCR + 33.6310
2023,480m,nor_2023,BHV,37.226493908235454,0.10692463932568393,36.31908453158579,predy = 0.1069 * BHV + 36.3191
2023,480m,nor_2023,SVF,37.226493908235454,-23.972559873413847,57.94515227317107,predy = -23.9726 * SVF + 57.9452
2023,480m,nor_2023,NDVI,37.226493908235454,-19.13962857955747,40.97887863013547,predy = -19.1396 * NDVI + 40.9789
2023,480m,nor_2023,EV,37.226493908235454,-0.040510360372587456,39.10925115707621,predy = -0.0405 * EV + 39.1093
2023,480m,nor_2023,WR,37.226493908235454,-0.10711302123290833,37.90067686121366,predy = -0.1071 * WR + 37.9007
2023,480m,nor_2023,BCR,37.226493908235454,0.23312996384776072,33.63097539407054,predy = 0.2331 * BCR + 33.6310
2023,480m,nor_2023,BHV,37.226493908235454,0.10692463932568393,36.31908453158579,predy = 0.1069 * BHV + 36.3191
2023,480m,nor_2023,SVF,37.226493908235454,-23.972559873413847,57.94515227317107,predy = -23.9726 * SVF + 57.9452
2023,480m,nor_2023,NDVI,37.226493908235454,-19.13962857955747,40.97887863013547,predy = -19.1396 * NDVI + 40.9789
2023,480m,nor_2023,EV,37.226493908235454,-0.040510360372587456,39.10925115707621,predy = -0.0405 * EV + 39.1093
2023,480m,nor_2023,WR,37.226493908235454,-0.10711302123290833,37.90067686121366,predy = -0.1071 * WR + 37.9007
2023,480m,nor_2023,Dist_W,37.226493908235454,-0.3840651762889437,37.759264230148375,predy = -0.3841 * Dist_W + 37.7593
2023,480m,nor_2023,BCR,37.226493908235454,0.23312996384776072,33.63097539407054,predy = 0.2331 * BCR + 33.6310
2023,480m,nor_2023,BHV,37.226493908235454,0.10692463932568393,36.31908453158579,predy = 0.1069 * BHV + 36.3191
2023,480m,nor_2023,SVF,37.226493908235454,-23.972559873413847,57.94515227317107,predy = -23.9726 * SVF + 57.9452
2023,480m,nor_2023,NDVI,37.226493908235454,-19.13962857955747,40.97887863013547,predy = -19.1396 * NDVI + 40.9789
2023,480m,nor_2023,EV,37.226493908235454,-0.040510360372587456,39.10925115707621,predy = -0.0405 * EV + 39.1093
2023,480m,nor_2023,WR,37.226493908235454,-0.10711302123290833,37.90067686121366,predy = -0.1071 * WR + 37.9007
2023,480m,nor_2023,Dist_W,37.226493908235454,-0.3840651762889437,37.759264230148375,predy = -0.3841 * Dist_W + 37.7593
2023,480m,nor_2023,Dist_P,37.226493908235454,-0.6009377049933199,37.701442992621864,predy = -0.6009 * Dist_P + 37.7014
2023,480m,nor_2023,BCR,37.226493908235454,0.23312996384776072,33.63097539407054,predy = 0.2331 * BCR + 33.6310
2023,480m,nor_2023,BHV,37.226493908235454,0.10692463932568393,36.31908453158579,predy = 0.1069 * BHV + 36.3191
2023,480m,nor_2023,SVF,37.226493908235454,-23.972559873413847,57.94515227317107,predy = -23.9726 * SVF + 57.9452
2023,480m,nor_2023,NDVI,37.226493908235454,-19.13962857955747,40.97887863013547,predy = -19.1396 * NDVI + 40.9789
2023,480m,nor_2023,EV,37.226493908235454,-0.040510360372587456,39.10925115707621,predy = -0.0405 * EV + 39.1093
2023,480m,nor_2023,WR,37.226493908235454,-0.10711302123290833,37.90067686121366,predy = -0.1071 * WR + 37.9007
2023,480m,nor_2023,Dist_W,37.226493908235454,-0.3840651762889437,37.759264230148375,predy = -0.3841 * Dist_W + 37.7593
2023,480m,nor_2023,Dist_P,37.226493908235454,-0.6009377049933199,37.701442992621864,predy = -0.6009 * Dist_P + 37.7014
2023,480m,nor_2023,Dist_M,37.226493908235454,0.4273344140104857,36.2554008649853,predy = 0.4273 * Dist_M + 36.2554
2023,480m,ext_2023,BCR,41.942951085900866,0.2577289070061818,37.968047810999,predy = 0.2577 * BCR + 37.9680
2023,480m,ext_2023,BCR,41.942951085900866,0.2577289070061818,37.968047810999,predy = 0.2577 * BCR + 37.9680
2023,480m,ext_2023,BHV,41.942951085900866,0.10735461731110311,41.03189272751806,predy = 0.1074 * BHV + 41.0319
2023,480m,ext_2023,BCR,41.942951085900866,0.2577289070061818,37.968047810999,predy = 0.2577 * BCR + 37.9680
2023,480m,ext_2023,BHV,41.942951085900866,0.10735461731110311,41.03189272751806,predy = 0.1074 * BHV + 41.0319
2023,480m,ext_2023,SVF,41.942951085900866,-26.73545299457239,65.04948287688634,predy = -26.7355 * SVF + 65.0495
2023,480m,ext_2023,BCR,41.942951085900866,0.2577289070061818,37.968047810999,predy = 0.2577 * BCR + 37.9680
2023,480m,ext_2023,BHV,41.942951085900866,0.10735461731110311,41.03189272751806,predy = 0.1074 * BHV + 41.0319
2023,480m,ext_2023,SVF,41.942951085900866,-26.73545299457239,65.04948287688634,predy = -26.7355 * SVF + 65.0495
2023,480m,ext_2023,NDVI,41.942951085900866,-20.335767879492334,45.929842700956236,predy = -20.3358 * NDVI + 45.9298
2023,480m,ext_2023,BCR,41.942951085900866,0.2577289070061818,37.968047810999,predy = 0.2577 * BCR + 37.9680
2023,480m,ext_2023,BHV,41.942951085900866,0.10735461731110311,41.03189272751806,predy = 0.1074 * BHV + 41.0319
2023,480m,ext_2023,SVF,41.942951085900866,-26.73545299457239,65.04948287688634,predy = -26.7355 * SVF + 65.0495
2023,480m,ext_2023,NDVI,41.942951085900866,-20.335767879492334,45.929842700956236,predy = -20.3358 * NDVI + 45.9298
2023,480m,ext_2023,EV,41.942951085900866,-0.039010040177861624,43.75597953706562,predy = -0.0390 * EV + 43.7560
2023,480m,ext_2023,BCR,41.942951085900866,0.2577289070061818,37.968047810999,predy = 0.2577 * BCR + 37.9680
2023,480m,ext_2023,BHV,41.942951085900866,0.10735461731110311,41.03189272751806,predy = 0.1074 * BHV + 41.0319
2023,480m,ext_2023,SVF,41.942951085900866,-26.73545299457239,65.04948287688634,predy = -26.7355 * SVF + 65.0495
2023,480m,ext_2023,NDVI,41.942951085900866,-20.335767879492334,45.929842700956236,predy = -20.3358 * NDVI + 45.9298
2023,480m,ext_2023,EV,41.942951085900866,-0.039010040177861624,43.75597953706562,predy = -0.0390 * EV + 43.7560
2023,480m,ext_2023,WR,41.942951085900866,-0.1098261305178812,42.634210693131216,predy = -0.1098 * WR + 42.6342
2023,480m,ext_2023,BCR,41.942951085900866,0.2577289070061818,37.968047810999,predy = 0.2577 * BCR + 37.9680
2023,480m,ext_2023,BHV,41.942951085900866,0.10735461731110311,41.03189272751806,predy = 0.1074 * BHV + 41.0319
2023,480m,ext_2023,SVF,41.942951085900866,-26.73545299457239,65.04948287688634,predy = -26.7355 * SVF + 65.0495
2023,480m,ext_2023,NDVI,41.942951085900866,-20.335767879492334,45.929842700956236,predy = -20.3358 * NDVI + 45.9298
2023,480m,ext_2023,EV,41.942951085900866,-0.039010040177861624,43.75597953706562,predy = -0.0390 * EV + 43.7560
2023,480m,ext_2023,WR,41.942951085900866,-0.1098261305178812,42.634210693131216,predy = -0.1098 * WR + 42.6342
2023,480m,ext_2023,Dist_W,41.942951085900866,-0.20227364360144579,42.22354250857899,predy = -0.2023 * Dist_W + 42.2235
2023,480m,ext_2023,BCR,41.942951085900866,0.2577289070061818,37.968047810999,predy = 0.2577 * BCR + 37.9680
2023,480m,ext_2023,BHV,41.942951085900866,0.10735461731110311,41.03189272751806,predy = 0.1074 * BHV + 41.0319
2023,480m,ext_2023,SVF,41.942951085900866,-26.73545299457239,65.04948287688634,predy = -26.7355 * SVF + 65.0495
2023,480m,ext_2023,NDVI,41.942951085900866,-20.335767879492334,45.929842700956236,predy = -20.3358 * NDVI + 45.9298
2023,480m,ext_2023,EV,41.942951085900866,-0.039010040177861624,43.75597953706562,predy = -0.0390 * EV + 43.7560
2023,480m,ext_2023,WR,41.942951085900866,-0.1098261305178812,42.634210693131216,predy = -0.1098 * WR + 42.6342
2023,480m,ext_2023,Dist_W,41.942951085900866,-0.20227364360144579,42.22354250857899,predy = -0.2023 * Dist_W + 42.2235
2023,480m,ext_2023,Dist_P,41.942951085900866,-0.44504518495626616,42.294691043885194,predy = -0.4450 * Dist_P + 42.2947
2023,480m,ext_2023,BCR,41.942951085900866,0.2577289070061818,37.968047810999,predy = 0.2577 * BCR + 37.9680
2023,480m,ext_2023,BHV,41.942951085900866,0.10735461731110311,41.03189272751806,predy = 0.1074 * BHV + 41.0319
2023,480m,ext_2023,SVF,41.942951085900866,-26.73545299457239,65.04948287688634,predy = -26.7355 * SVF + 65.0495
2023,480m,ext_2023,NDVI,41.942951085900866,-20.335767879492334,45.929842700956236,predy = -20.3358 * NDVI + 45.9298
2023,480m,ext_2023,EV,41.942951085900866,-0.039010040177861624,43.75597953706562,predy = -0.0390 * EV + 43.7560
2023,480m,ext_2023,WR,41.942951085900866,-0.1098261305178812,42.634210693131216,predy = -0.1098 * WR + 42.6342
2023,480m,ext_2023,Dist_W,41.942951085900866,-0.20227364360144579,42.22354250857899,predy = -0.2023 * Dist_W + 42.2235
2023,480m,ext_2023,Dist_P,41.942951085900866,-0.44504518495626616,42.294691043885194,predy = -0.4450 * Dist_P + 42.2947
2023,480m,ext_2023,Dist_M,41.942951085900866,0.2904178809783035,41.282993042253636,predy = 0.2904 * Dist_M + 41.2830
2023,480m,hr_2023,BCR,-4.711715039824055,-0.02454766402830746,-4.333121147230666,predy = -0.0245 * BCR + -4.3331
2023,480m,hr_2023,BCR,-4.711715039824055,-0.02454766402830746,-4.333121147230666,predy = -0.0245 * BCR + -4.3331
2023,480m,hr_2023,BHV,-4.711715039824055,-0.00021779759836309902,-4.709866713898312,predy = -0.0002 * BHV + -4.7099
2023,480m,hr_2023,BCR,-4.711715039824055,-0.02454766402830746,-4.333121147230666,predy = -0.0245 * BCR + -4.3331
2023,480m,hr_2023,BHV,-4.711715039824055,-0.00021779759836309902,-4.709866713898312,predy = -0.0002 * BHV + -4.7099
2023,480m,hr_2023,SVF,-4.711715039824055,2.7546117267906305,-7.092431141766696,predy = 2.7546 * SVF + -7.0924
2023,480m,hr_2023,BCR,-4.711715039824055,-0.02454766402830746,-4.333121147230666,predy = -0.0245 * BCR + -4.3331
2023,480m,hr_2023,BHV,-4.711715039824055,-0.00021779759836309902,-4.709866713898312,predy = -0.0002 * BHV + -4.7099
2023,480m,hr_2023,SVF,-4.711715039824055,2.7546117267906305,-7.092431141766696,predy = 2.7546 * SVF + -7.0924
2023,480m,hr_2023,NDVI,-4.711715039824055,1.179643928187637,-4.942987963173319,predy = 1.1796 * NDVI + -4.9430
2023,480m,hr_2023,BCR,-4.711715039824055,-0.02454766402830746,-4.333121147230666,predy = -0.0245 * BCR + -4.3331
2023,480m,hr_2023,BHV,-4.711715039824055,-0.00021779759836309902,-4.709866713898312,predy = -0.0002 * BHV + -4.7099
2023,480m,hr_2023,SVF,-4.711715039824055,2.7546117267906305,-7.092431141766696,predy = 2.7546 * SVF + -7.0924
2023,480m,hr_2023,NDVI,-4.711715039824055,1.179643928187637,-4.942987963173319,predy = 1.1796 * NDVI + -4.9430
2023,480m,hr_2023,EV,-4.711715039824055,-0.0015085403377512474,-4.641604203239354,predy = -0.0015 * EV + -4.6416
2023,480m,hr_2023,BCR,-4.711715039824055,-0.02454766402830746,-4.333121147230666,predy = -0.0245 * BCR + -4.3331
2023,480m,hr_2023,BHV,-4.711715039824055,-0.00021779759836309902,-4.709866713898312,predy = -0.0002 * BHV + -4.7099
2023,480m,hr_2023,SVF,-4.711715039824055,2.7546117267906305,-7.092431141766696,predy = 2.7546 * SVF + -7.0924
2023,480m,hr_2023,NDVI,-4.711715039824055,1.179643928187637,-4.942987963173319,predy = 1.1796 * NDVI + -4.9430
2023,480m,hr_2023,EV,-4.711715039824055,-0.0015085403377512474,-4.641604203239354,predy = -0.0015 * EV + -4.6416
2023,480m,hr_2023,WR,-4.711715039824055,0.0026850679363735865,-4.728615198268436,predy = 0.0027 * WR + -4.7286
2023,480m,hr_2023,BCR,-4.711715039824055,-0.02454766402830746,-4.333121147230666,predy = -0.0245 * BCR + -4.3331
2023,480m,hr_2023,BHV,-4.711715039824055,-0.00021779759836309902,-4.709866713898312,predy = -0.0002 * BHV + -4.7099
2023,480m,hr_2023,SVF,-4.711715039824055,2.7546117267906305,-7.092431141766696,predy = 2.7546 * SVF + -7.0924
2023,480m,hr_2023,NDVI,-4.711715039824055,1.179643928187637,-4.942987963173319,predy = 1.1796 * NDVI + -4.9430
2023,480m,hr_2023,EV,-4.711715039824055,-0.0015085403377512474,-4.641604203239354,predy = -0.0015 * EV + -4.6416
2023,480m,hr_2023,WR,-4.711715039824055,0.0026850679363735865,-4.728615198268436,predy = 0.0027 * WR + -4.7286
2023,480m,hr_2023,Dist_W,-4.711715039824055,-0.18266671759309475,-4.458322095232714,predy = -0.1827 * Dist_W + -4.4583
2023,480m,hr_2023,BCR,-4.711715039824055,-0.02454766402830746,-4.333121147230666,predy = -0.0245 * BCR + -4.3331
2023,480m,hr_2023,BHV,-4.711715039824055,-0.00021779759836309902,-4.709866713898312,predy = -0.0002 * BHV + -4.7099
2023,480m,hr_2023,SVF,-4.711715039824055,2.7546117267906305,-7.092431141766696,predy = 2.7546 * SVF + -7.0924
2023,480m,hr_2023,NDVI,-4.711715039824055,1.179643928187637,-4.942987963173319,predy = 1.1796 * NDVI + -4.9430
2023,480m,hr_2023,EV,-4.711715039824055,-0.0015085403377512474,-4.641604203239354,predy = -0.0015 * EV + -4.6416
2023,480m,hr_2023,WR,-4.711715039824055,0.0026850679363735865,-4.728615198268436,predy = 0.0027 * WR + -4.7286
2023,480m,hr_2023,Dist_W,-4.711715039824055,-0.18266671759309475,-4.458322095232714,predy = -0.1827 * Dist_W + -4.4583
2023,480m,hr_2023,Dist_P,-4.711715039824055,-0.15707581544875301,-4.5875706998920665,predy = -0.1571 * Dist_P + -4.5876
2023,480m,hr_2023,BCR,-4.711715039824055,-0.02454766402830746,-4.333121147230666,predy = -0.0245 * BCR + -4.3331
2023,480m,hr_2023,BHV,-4.711715039824055,-0.00021779759836309902,-4.709866713898312,predy = -0.0002 * BHV + -4.7099
2023,480m,hr_2023,SVF,-4.711715039824055,2.7546117267906305,-7.092431141766696,predy = 2.7546 * SVF + -7.0924
2023,480m,hr_2023,NDVI,-4.711715039824055,1.179643928187637,-4.942987963173319,predy = 1.1796 * NDVI + -4.9430
2023,480m,hr_2023,EV,-4.711715039824055,-0.0015085403377512474,-4.641604203239354,predy = -0.0015 * EV + -4.6416
2023,480m,hr_2023,WR,-4.711715039824055,0.0026850679363735865,-4.728615198268436,predy = 0.0027 * WR + -4.7286
2023,480m,hr_2023,Dist_W,-4.711715039824055,-0.18266671759309475,-4.458322095232714,predy = -0.1827 * Dist_W + -4.4583
2023,480m,hr_2023,Dist_P,-4.711715039824055,-0.15707581544875301,-4.5875706998920665,predy = -0.1571 * Dist_P + -4.5876
2023,480m,hr_2023,Dist_M,-4.711715039824055,0.1362059272044377,-5.021235228278663,predy = 0.1362 * Dist_M + -5.0212
2016,480m,nor_2016,BCR,31.03830053830411,0.1301134791660129,28.929720190394633,predy = 0.1301 * BCR + 28.9297
2016,480m,nor_2016,BCR,31.03830053830411,0.1301134791660129,28.929720190394633,predy = 0.1301 * BCR + 28.9297
2016,480m,nor_2016,BHV,31.03830053830411,0.04628941967141696,30.635450132236063,predy = 0.0463 * BHV + 30.6355
2016,480m,nor_2016,BCR,31.03830053830411,0.1301134791660129,28.929720190394633,predy = 0.1301 * BCR + 28.9297
2016,480m,nor_2016,BHV,31.03830053830411,0.04628941967141696,30.635450132236063,predy = 0.0463 * BHV + 30.6355
2016,480m,nor_2016,SVF,31.03830053830411,-11.776747550118865,41.13170494420375,predy = -11.7767 * SVF + 41.1317
2016,480m,nor_2016,BCR,31.03830053830411,0.1301134791660129,28.929720190394633,predy = 0.1301 * BCR + 28.9297
2016,480m,nor_2016,BHV,31.03830053830411,0.04628941967141696,30.635450132236063,predy = 0.0463 * BHV + 30.6355
2016,480m,nor_2016,SVF,31.03830053830411,-11.776747550118865,41.13170494420375,predy = -11.7767 * SVF + 41.1317
2016,480m,nor_2016,NDVI,31.03830053830411,-11.89046009614322,32.83988929188516,predy = -11.8905 * NDVI + 32.8399
2016,480m,nor_2016,BCR,31.03830053830411,0.1301134791660129,28.929720190394633,predy = 0.1301 * BCR + 28.9297
2016,480m,nor_2016,BHV,31.03830053830411,0.04628941967141696,30.635450132236063,predy = 0.0463 * BHV + 30.6355
2016,480m,nor_2016,SVF,31.03830053830411,-11.776747550118865,41.13170494420375,predy = -11.7767 * SVF + 41.1317
2016,480m,nor_2016,NDVI,31.03830053830411,-11.89046009614322,32.83988929188516,predy = -11.8905 * NDVI + 32.8399
2016,480m,nor_2016,EV,31.03830053830411,-0.02116849506555836,32.06322196051556,predy = -0.0212 * EV + 32.0632
2016,480m,nor_2016,BCR,31.03830053830411,0.1301134791660129,28.929720190394633,predy = 0.1301 * BCR + 28.9297
2016,480m,nor_2016,BHV,31.03830053830411,0.04628941967141696,30.635450132236063,predy = 0.0463 * BHV + 30.6355
2016,480m,nor_2016,SVF,31.03830053830411,-11.776747550118865,41.13170494420375,predy = -11.7767 * SVF + 41.1317
2016,480m,nor_2016,NDVI,31.03830053830411,-11.89046009614322,32.83988929188516,predy = -11.8905 * NDVI + 32.8399
2016,480m,nor_2016,EV,31.03830053830411,-0.02116849506555836,32.06322196051556,predy = -0.0212 * EV + 32.0632
2016,480m,nor_2016,WR,31.03830053830411,-0.06476899156300196,31.437010036082008,predy = -0.0648 * WR + 31.4370
2016,480m,nor_2016,BCR,31.03830053830411,0.1301134791660129,28.929720190394633,predy = 0.1301 * BCR + 28.9297
2016,480m,nor_2016,BHV,31.03830053830411,0.04628941967141696,30.635450132236063,predy = 0.0463 * BHV + 30.6355
2016,480m,nor_2016,SVF,31.03830053830411,-11.776747550118865,41.13170494420375,predy = -11.7767 * SVF + 41.1317
2016,480m,nor_2016,NDVI,31.03830053830411,-11.89046009614322,32.83988929188516,predy = -11.8905 * NDVI + 32.8399
2016,480m,nor_2016,EV,31.03830053830411,-0.02116849506555836,32.06322196051556,predy = -0.0212 * EV + 32.0632
2016,480m,nor_2016,WR,31.03830053830411,-0.06476899156300196,31.437010036082008,predy = -0.0648 * WR + 31.4370
2016,480m,nor_2016,Dist_W,31.03830053830411,-0.15728285822272287,31.256064657796845,predy = -0.1573 * Dist_W + 31.2561
2016,480m,nor_2016,BCR,31.03830053830411,0.1301134791660129,28.929720190394633,predy = 0.1301 * BCR + 28.9297
2016,480m,nor_2016,BHV,31.03830053830411,0.04628941967141696,30.635450132236063,predy = 0.0463 * BHV + 30.6355
2016,480m,nor_2016,SVF,31.03830053830411,-11.776747550118865,41.13170494420375,predy = -11.7767 * SVF + 41.1317
2016,480m,nor_2016,NDVI,31.03830053830411,-11.89046009614322,32.83988929188516,predy = -11.8905 * NDVI + 32.8399
2016,480m,nor_2016,EV,31.03830053830411,-0.02116849506555836,32.06322196051556,predy = -0.0212 * EV + 32.0632
2016,480m,nor_2016,WR,31.03830053830411,-0.06476899156300196,31.437010036082008,predy = -0.0648 * WR + 31.4370
2016,480m,nor_2016,Dist_W,31.03830053830411,-0.15728285822272287,31.256064657796845,predy = -0.1573 * Dist_W + 31.2561
2016,480m,nor_2016,Dist_P,31.03830053830411,-0.3561641037210089,31.325108607795148,predy = -0.3562 * Dist_P + 31.3251
2016,480m,nor_2016,BCR,31.03830053830411,0.1301134791660129,28.929720190394633,predy = 0.1301 * BCR + 28.9297
2016,480m,nor_2016,BHV,31.03830053830411,0.04628941967141696,30.635450132236063,predy = 0.0463 * BHV + 30.6355
2016,480m,nor_2016,SVF,31.03830053830411,-11.776747550118865,41.13170494420375,predy = -11.7767 * SVF + 41.1317
2016,480m,nor_2016,NDVI,31.03830053830411,-11.89046009614322,32.83988929188516,predy = -11.8905 * NDVI + 32.8399
2016,480m,nor_2016,EV,31.03830053830411,-0.02116849506555836,32.06322196051556,predy = -0.0212 * EV + 32.0632
2016,480m,nor_2016,WR,31.03830053830411,-0.06476899156300196,31.437010036082008,predy = -0.0648 * WR + 31.4370
2016,480m,nor_2016,Dist_W,31.03830053830411,-0.15728285822272287,31.256064657796845,predy = -0.1573 * Dist_W + 31.2561
2016,480m,nor_2016,Dist_P,31.03830053830411,-0.3561641037210089,31.325108607795148,predy = -0.3562 * Dist_P + 31.3251
2016,480m,nor_2016,Dist_M,31.03830053830411,0.3009676974233805,30.338328372125986,predy = 0.3010 * Dist_M + 30.3383
2016,480m,ext_2016,BCR,41.57136172930223,0.23662111236210434,37.736750352946515,predy = 0.2366 * BCR + 37.7368
2016,480m,ext_2016,BCR,41.57136172930223,0.23662111236210434,37.736750352946515,predy = 0.2366 * BCR + 37.7368
2016,480m,ext_2016,BHV,41.57136172930223,0.10187264631259797,40.68477820275182,predy = 0.1019 * BHV + 40.6848
2016,480m,ext_2016,BCR,41.57136172930223,0.23662111236210434,37.736750352946515,predy = 0.2366 * BCR + 37.7368
2016,480m,ext_2016,BHV,41.57136172930223,0.10187264631259797,40.68477820275182,predy = 0.1019 * BHV + 40.6848
2016,480m,ext_2016,SVF,41.57136172930223,-24.7686657560301,62.79964729849113,predy = -24.7687 * SVF + 62.7996
2016,480m,ext_2016,BCR,41.57136172930223,0.23662111236210434,37.736750352946515,predy = 0.2366 * BCR + 37.7368
2016,480m,ext_2016,BHV,41.57136172930223,0.10187264631259797,40.68477820275182,predy = 0.1019 * BHV + 40.6848
2016,480m,ext_2016,SVF,41.57136172930223,-24.7686657560301,62.79964729849113,predy = -24.7687 * SVF + 62.7996
2016,480m,ext_2016,NDVI,41.57136172930223,-21.14885646797926,44.775740841273624,predy = -21.1489 * NDVI + 44.7757
2016,480m,ext_2016,BCR,41.57136172930223,0.23662111236210434,37.736750352946515,predy = 0.2366 * BCR + 37.7368
2016,480m,ext_2016,BHV,41.57136172930223,0.10187264631259797,40.68477820275182,predy = 0.1019 * BHV + 40.6848
2016,480m,ext_2016,SVF,41.57136172930223,-24.7686657560301,62.79964729849113,predy = -24.7687 * SVF + 62.7996
2016,480m,ext_2016,NDVI,41.57136172930223,-21.14885646797926,44.775740841273624,predy = -21.1489 * NDVI + 44.7757
2016,480m,ext_2016,EV,41.57136172930223,-0.032978120097159155,43.16807333526019,predy = -0.0330 * EV + 43.1681
2016,480m,ext_2016,BCR,41.57136172930223,0.23662111236210434,37.736750352946515,predy = 0.2366 * BCR + 37.7368
2016,480m,ext_2016,BHV,41.57136172930223,0.10187264631259797,40.68477820275182,predy = 0.1019 * BHV + 40.6848
2016,480m,ext_2016,SVF,41.57136172930223,-24.7686657560301,62.79964729849113,predy = -24.7687 * SVF + 62.7996
2016,480m,ext_2016,NDVI,41.57136172930223,-21.14885646797926,44.775740841273624,predy = -21.1489 * NDVI + 44.7757
2016,480m,ext_2016,EV,41.57136172930223,-0.032978120097159155,43.16807333526019,predy = -0.0330 * EV + 43.1681
2016,480m,ext_2016,WR,41.57136172930223,-0.11045365955296498,42.25130010822946,predy = -0.1105 * WR + 42.2513
2016,480m,ext_2016,BCR,41.57136172930223,0.23662111236210434,37.736750352946515,predy = 0.2366 * BCR + 37.7368
2016,480m,ext_2016,BHV,41.57136172930223,0.10187264631259797,40.68477820275182,predy = 0.1019 * BHV + 40.6848
2016,480m,ext_2016,SVF,41.57136172930223,-24.7686657560301,62.79964729849113,predy = -24.7687 * SVF + 62.7996
2016,480m,ext_2016,NDVI,41.57136172930223,-21.14885646797926,44.775740841273624,predy = -21.1489 * NDVI + 44.7757
2016,480m,ext_2016,EV,41.57136172930223,-0.032978120097159155,43.16807333526019,predy = -0.0330 * EV + 43.1681
2016,480m,ext_2016,WR,41.57136172930223,-0.11045365955296498,42.25130010822946,predy = -0.1105 * WR + 42.2513
2016,480m,ext_2016,Dist_W,41.57136172930223,-0.3306334758744249,42.02913639440054,predy = -0.3306 * Dist_W + 42.0291
2016,480m,ext_2016,BCR,41.57136172930223,0.23662111236210434,37.736750352946515,predy = 0.2366 * BCR + 37.7368
2016,480m,ext_2016,BHV,41.57136172930223,0.10187264631259797,40.68477820275182,predy = 0.1019 * BHV + 40.6848
2016,480m,ext_2016,SVF,41.57136172930223,-24.7686657560301,62.79964729849113,predy = -24.7687 * SVF + 62.7996
2016,480m,ext_2016,NDVI,41.57136172930223,-21.14885646797926,44.775740841273624,predy = -21.1489 * NDVI + 44.7757
2016,480m,ext_2016,EV,41.57136172930223,-0.032978120097159155,43.16807333526019,predy = -0.0330 * EV + 43.1681
2016,480m,ext_2016,WR,41.57136172930223,-0.11045365955296498,42.25130010822946,predy = -0.1105 * WR + 42.2513
2016,480m,ext_2016,Dist_W,41.57136172930223,-0.3306334758744249,42.02913639440054,predy = -0.3306 * Dist_W + 42.0291
2016,480m,ext_2016,Dist_P,41.57136172930223,-0.76356211769996,42.186234970670576,predy = -0.7636 * Dist_P + 42.1862
2016,480m,ext_2016,BCR,41.57136172930223,0.23662111236210434,37.736750352946515,predy = 0.2366 * BCR + 37.7368
2016,480m,ext_2016,BHV,41.57136172930223,0.10187264631259797,40.68477820275182,predy = 0.1019 * BHV + 40.6848
2016,480m,ext_2016,SVF,41.57136172930223,-24.7686657560301,62.79964729849113,predy = -24.7687 * SVF + 62.7996
2016,480m,ext_2016,NDVI,41.57136172930223,-21.14885646797926,44.775740841273624,predy = -21.1489 * NDVI + 44.7757
2016,480m,ext_2016,EV,41.57136172930223,-0.032978120097159155,43.16807333526019,predy = -0.0330 * EV + 43.1681
2016,480m,ext_2016,WR,41.57136172930223,-0.11045365955296498,42.25130010822946,predy = -0.1105 * WR + 42.2513
2016,480m,ext_2016,Dist_W,41.57136172930223,-0.3306334758744249,42.02913639440054,predy = -0.3306 * Dist_W + 42.0291
2016,480m,ext_2016,Dist_P,41.57136172930223,-0.76356211769996,42.186234970670576,predy = -0.7636 * Dist_P + 42.1862
2016,480m,ext_2016,Dist_M,41.57136172930223,0.32221824760805706,40.82196634005867,predy = 0.3222 * Dist_M + 40.8220
2016,480m,hr_2016,BCR,-10.537053757494542,-0.10624999895320958,-8.81519787296861,predy = -0.1062 * BCR + -8.8152
2016,480m,hr_2016,BCR,-10.537053757494542,-0.10624999895320958,-8.81519787296861,predy = -0.1062 * BCR + -8.8152
2016,480m,hr_2016,BHV,-10.537053757494542,-0.055419019068799855,-10.054749712763893,predy = -0.0554 * BHV + -10.0547
2016,480m,hr_2016,BCR,-10.537053757494542,-0.10624999895320958,-8.81519787296861,predy = -0.1062 * BCR + -8.8152
2016,480m,hr_2016,BHV,-10.537053757494542,-0.055419019068799855,-10.054749712763893,predy = -0.0554 * BHV + -10.0547
2016,480m,hr_2016,SVF,-10.537053757494542,12.97433036517248,-21.65686104843942,predy = 12.9743 * SVF + -21.6569
2016,480m,hr_2016,BCR,-10.537053757494542,-0.10624999895320958,-8.81519787296861,predy = -0.1062 * BCR + -8.8152
2016,480m,hr_2016,BHV,-10.537053757494542,-0.055419019068799855,-10.054749712763893,predy = -0.0554 * BHV + -10.0547
2016,480m,hr_2016,SVF,-10.537053757494542,12.97433036517248,-21.65686104843942,predy = 12.9743 * SVF + -21.6569
2016,480m,hr_2016,NDVI,-10.537053757494542,9.286867736790596,-11.944157968375617,predy = 9.2869 * NDVI + -11.9442
2016,480m,hr_2016,BCR,-10.537053757494542,-0.10624999895320958,-8.81519787296861,predy = -0.1062 * BCR + -8.8152
2016,480m,hr_2016,BHV,-10.537053757494542,-0.055419019068799855,-10.054749712763893,predy = -0.0554 * BHV + -10.0547
2016,480m,hr_2016,SVF,-10.537053757494542,12.97433036517248,-21.65686104843942,predy = 12.9743 * SVF + -21.6569
2016,480m,hr_2016,NDVI,-10.537053757494542,9.286867736790596,-11.944157968375617,predy = 9.2869 * NDVI + -11.9442
2016,480m,hr_2016,EV,-10.537053757494542,0.011765294503393166,-11.106697576661155,predy = 0.0118 * EV + -11.1067
2016,480m,hr_2016,BCR,-10.537053757494542,-0.10624999895320958,-8.81519787296861,predy = -0.1062 * BCR + -8.8152
2016,480m,hr_2016,BHV,-10.537053757494542,-0.055419019068799855,-10.054749712763893,predy = -0.0554 * BHV + -10.0547
2016,480m,hr_2016,SVF,-10.537053757494542,12.97433036517248,-21.65686104843942,predy = 12.9743 * SVF + -21.6569
2016,480m,hr_2016,NDVI,-10.537053757494542,9.286867736790596,-11.944157968375617,predy = 9.2869 * NDVI + -11.9442
2016,480m,hr_2016,EV,-10.537053757494542,0.011765294503393166,-11.106697576661155,predy = 0.0118 * EV + -11.1067
2016,480m,hr_2016,WR,-10.537053757494542,0.045341235809946194,-10.816168514759728,predy = 0.0453 * WR + -10.8162
2016,480m,hr_2016,BCR,-10.537053757494542,-0.10624999895320958,-8.81519787296861,predy = -0.1062 * BCR + -8.8152
2016,480m,hr_2016,BHV,-10.537053757494542,-0.055419019068799855,-10.054749712763893,predy = -0.0554 * BHV + -10.0547
2016,480m,hr_2016,SVF,-10.537053757494542,12.97433036517248,-21.65686104843942,predy = 12.9743 * SVF + -21.6569
2016,480m,hr_2016,NDVI,-10.537053757494542,9.286867736790596,-11.944157968375617,predy = 9.2869 * NDVI + -11.9442
2016,480m,hr_2016,EV,-10.537053757494542,0.011765294503393166,-11.106697576661155,predy = 0.0118 * EV + -11.1067
2016,480m,hr_2016,WR,-10.537053757494542,0.045341235809946194,-10.816168514759728,predy = 0.0453 * WR + -10.8162
2016,480m,hr_2016,Dist_W,-10.537053757494542,0.17345855888012973,-10.777213751850182,predy = 0.1735 * Dist_W + -10.7772
2016,480m,hr_2016,BCR,-10.537053757494542,-0.10624999895320958,-8.81519787296861,predy = -0.1062 * BCR + -8.8152
2016,480m,hr_2016,BHV,-10.537053757494542,-0.055419019068799855,-10.054749712763893,predy = -0.0554 * BHV + -10.0547
2016,480m,hr_2016,SVF,-10.537053757494542,12.97433036517248,-21.65686104843942,predy = 12.9743 * SVF + -21.6569
2016,480m,hr_2016,NDVI,-10.537053757494542,9.286867736790596,-11.944157968375617,predy = 9.2869 * NDVI + -11.9442
2016,480m,hr_2016,EV,-10.537053757494542,0.011765294503393166,-11.106697576661155,predy = 0.0118 * EV + -11.1067
2016,480m,hr_2016,WR,-10.537053757494542,0.045341235809946194,-10.816168514759728,predy = 0.0453 * WR + -10.8162
2016,480m,hr_2016,Dist_W,-10.537053757494542,0.17345855888012973,-10.777213751850182,predy = 0.1735 * Dist_W + -10.7772
2016,480m,hr_2016,Dist_P,-10.537053757494542,0.40339856584781886,-10.861898296002224,predy = 0.4034 * Dist_P + -10.8619
2016,480m,hr_2016,BCR,-10.537053757494542,-0.10624999895320958,-8.81519787296861,predy = -0.1062 * BCR + -8.8152
2016,480m,hr_2016,BHV,-10.537053757494542,-0.055419019068799855,-10.054749712763893,predy = -0.0554 * BHV + -10.0547
2016,480m,hr_2016,SVF,-10.537053757494542,12.97433036517248,-21.65686104843942,predy = 12.9743 * SVF + -21.6569
2016,480m,hr_2016,NDVI,-10.537053757494542,9.286867736790596,-11.944157968375617,predy = 9.2869 * NDVI + -11.9442
2016,480m,hr_2016,EV,-10.537053757494542,0.011765294503393166,-11.106697576661155,predy = 0.0118 * EV + -11.1067
2016,480m,hr_2016,WR,-10.537053757494542,0.045341235809946194,-10.816168514759728,predy = 0.0453 * WR + -10.8162
2016,480m,hr_2016,Dist_W,-10.537053757494542,0.17345855888012973,-10.777213751850182,predy = 0.1735 * Dist_W + -10.7772
2016,480m,hr_2016,Dist_P,-10.537053757494542,0.40339856584781886,-10.861898296002224,predy = 0.4034 * Dist_P + -10.8619
2016,480m,hr_2016,Dist_M,-10.537053757494542,-0.02094692740509597,-10.488336681622132,predy = -0.0209 * Dist_M + -10.4883
